Iteration,Step,Latency_ms,BlockHeight
1,Start Session,4,0
1,Scan Package,11,0
1,Validate Package,8,0
1,Quality Check,4,0
1,Label Package,6,0
1,Commit Session,401,1505
1,Complete Workflow,937,0
2,Start Session,6,0
2,Scan Package,4,0
2,Validate Package,3,0
2,Quality Check,6,0
2,Label Package,7,0
2,Commit Session,685,1509
2,Complete Workflow,1216,0
3,Start Session,3,0
3,Scan Package,3,0
3,Validate Package,4,0
3,Quality Check,6,0
3,Label Package,10,0
3,Commit Session,575,1513
3,Complete Workflow,1105,0
4,Start Session,4,0
4,Scan Package,5,0
4,Validate Package,5,0
4,Quality Check,4,0
4,Label Package,5,0
4,Commit Session,528,1517
4,Complete Workflow,1057,0
5,Start Session,2,0
5,Scan Package,8,0
5,Validate Package,3,0
5,Quality Check,6,0
5,Label Package,5,0
5,Commit Session,623,1521
5,Complete Workflow,1151,0
6,Start Session,5,0
6,Scan Package,4,0
6,Validate Package,4,0
6,Quality Check,4,0
6,Label Package,3,0
6,Commit Session,539,1525
6,Complete Workflow,1063,0
7,Start Session,6,0
7,Scan Package,11,0
7,Validate Package,5,0
7,Quality Check,4,0
7,Label Package,4,0
7,Commit Session,566,1529
7,Complete Workflow,1100,0
8,Start Session,4,0
8,Scan Package,3,0
8,Validate Package,5,0
8,Quality Check,3,0
8,Label Package,5,0
8,Commit Session,482,1533
8,Complete Workflow,1006,0
9,Start Session,2,0
9,Scan Package,14,0
9,Validate Package,3,0
9,Quality Check,3,0
9,Label Package,3,0
9,Commit Session,525,1537
9,Complete Workflow,1056,0
10,Start Session,3,0
10,Scan Package,3,0
10,Validate Package,4,0
10,Quality Check,3,0
10,Label Package,7,0
10,Commit Session,444,1541
10,Complete Workflow,967,0
11,Start Session,2,0
11,Scan Package,5,0
11,Validate Package,4,0
11,Quality Check,3,0
11,Label Package,2,0
11,Commit Session,320,1544
11,Complete Workflow,840,0
12,Start Session,4,0
12,Scan Package,2,0
12,Validate Package,4,0
12,Quality Check,3,0
12,Label Package,4,0
12,Commit Session,534,1548
12,Complete Workflow,1056,0
13,Start Session,3,0
13,Scan Package,7,0
13,Validate Package,4,0
13,Quality Check,3,0
13,Label Package,3,0
13,Commit Session,336,1552
13,Complete Workflow,861,0
14,Start Session,3,0
14,Scan Package,9,0
14,Validate Package,4,0
14,Quality Check,6,0
14,Label Package,2,0
14,Commit Session,618,1556
14,Complete Workflow,1147,0
15,Start Session,2,0
15,Scan Package,6,0
15,Validate Package,3,0
15,Quality Check,9,0
15,Label Package,9,0
15,Commit Session,438,1560
15,Complete Workflow,972,0
16,Start Session,2,0
16,Scan Package,7,0
16,Validate Package,4,0
16,Quality Check,8,0
16,Label Package,6,0
16,Commit Session,405,1564
16,Complete Workflow,936,0
17,Start Session,3,0
17,Scan Package,4,0
17,Validate Package,3,0
17,Quality Check,3,0
17,Label Package,4,0
17,Commit Session,455,1568
17,Complete Workflow,976,0
18,Start Session,7,0
18,Scan Package,6,0
18,Validate Package,6,0
18,Quality Check,8,0
18,Label Package,4,0
18,Commit Session,611,1572
18,Complete Workflow,1147,0
19,Start Session,3,0
19,Scan Package,10,0
19,Validate Package,3,0
19,Quality Check,4,0
19,Label Package,6,0
19,Commit Session,527,1576
19,Complete Workflow,1058,0
20,Start Session,4,0
20,Scan Package,4,0
20,Validate Package,8,0
20,Quality Check,3,0
20,Label Package,6,0
20,Commit Session,448,1580
20,Complete Workflow,975,0
21,Start Session,3,0
21,Scan Package,8,0
21,Validate Package,5,0
21,Quality Check,3,0
21,Label Package,5,0
21,Commit Session,613,1584
21,Complete Workflow,1140,0
22,Start Session,2,0
22,Scan Package,10,0
22,Validate Package,5,0
22,Quality Check,5,0
22,Label Package,6,0
22,Commit Session,310,1587
22,Complete Workflow,843,0
23,Start Session,3,0
23,Scan Package,8,0
23,Validate Package,4,0
23,Quality Check,3,0
23,Label Package,3,0
23,Commit Session,334,1590
23,Complete Workflow,859,0
24,Start Session,3,0
24,Scan Package,6,0
24,Validate Package,4,0
24,Quality Check,3,0
24,Label Package,5,0
24,Commit Session,517,1594
24,Complete Workflow,1041,0
25,Start Session,3,0
25,Scan Package,4,0
25,Validate Package,8,0
25,Quality Check,3,0
25,Label Package,6,0
25,Commit Session,317,1597
25,Complete Workflow,845,0
26,Start Session,4,0
26,Scan Package,4,0
26,Validate Package,3,0
26,Quality Check,4,0
26,Label Package,3,0
26,Commit Session,247,1600
26,Complete Workflow,768,0
27,Start Session,2,0
27,Scan Package,5,0
27,Validate Package,5,0
27,Quality Check,5,0
27,Label Package,3,0
27,Commit Session,329,1603
27,Complete Workflow,853,0
28,Start Session,4,0
28,Scan Package,3,0
28,Validate Package,7,0
28,Quality Check,2,0
28,Label Package,4,0
28,Commit Session,534,1607
28,Complete Workflow,1058,0
29,Start Session,2,0
29,Scan Package,6,0
29,Validate Package,7,0
29,Quality Check,7,0
29,Label Package,4,0
29,Commit Session,232,1610
29,Complete Workflow,763,0
30,Start Session,3,0
30,Scan Package,5,0
30,Validate Package,7,0
30,Quality Check,3,0
30,Label Package,7,0
30,Commit Session,620,1614
30,Complete Workflow,1150,0
31,Start Session,5,0
31,Scan Package,5,0
31,Validate Package,3,0
31,Quality Check,2,0
31,Label Package,5,0
31,Commit Session,429,1618
31,Complete Workflow,953,0
32,Start Session,6,0
32,Scan Package,5,0
32,Validate Package,4,0
32,Quality Check,3,0
32,Label Package,5,0
32,Commit Session,334,1621
32,Complete Workflow,862,0
33,Start Session,4,0
33,Scan Package,4,0
33,Validate Package,3,0
33,Quality Check,4,0
33,Label Package,5,0
33,Commit Session,631,1625
33,Complete Workflow,1155,0
34,Start Session,5,0
34,Scan Package,4,0
34,Validate Package,4,0
34,Quality Check,5,0
34,Label Package,5,0
34,Commit Session,513,1629
34,Complete Workflow,1040,0
35,Start Session,2,0
35,Scan Package,3,0
35,Validate Package,6,0
35,Quality Check,6,0
35,Label Package,6,0
35,Commit Session,348,1632
35,Complete Workflow,875,0
36,Start Session,4,0
36,Scan Package,4,0
36,Validate Package,5,0
36,Quality Check,5,0
36,Label Package,4,0
36,Commit Session,517,1636
36,Complete Workflow,1042,0
37,Start Session,5,0
37,Scan Package,5,0
37,Validate Package,3,0
37,Quality Check,5,0
37,Label Package,5,0
37,Commit Session,463,1640
37,Complete Workflow,990,0
38,Start Session,4,0
38,Scan Package,6,0
38,Validate Package,3,0
38,Quality Check,4,0
38,Label Package,3,0
38,Commit Session,606,1644
38,Complete Workflow,1130,0
39,Start Session,2,0
39,Scan Package,3,0
39,Validate Package,3,0
39,Quality Check,2,0
39,Label Package,5,0
39,Commit Session,537,1648
39,Complete Workflow,1057,0
40,Start Session,2,0
40,Scan Package,5,0
40,Validate Package,5,0
40,Quality Check,3,0
40,Label Package,11,0
40,Commit Session,438,1651
40,Complete Workflow,968,0
41,Start Session,5,0
41,Scan Package,3,0
41,Validate Package,5,0
41,Quality Check,8,0
41,Label Package,4,0
41,Commit Session,309,1654
41,Complete Workflow,838,0
42,Start Session,4,0
42,Scan Package,4,0
42,Validate Package,8,0
42,Quality Check,4,0
42,Label Package,6,0
42,Commit Session,521,1658
42,Complete Workflow,1051,0
43,Start Session,2,0
43,Scan Package,3,0
43,Validate Package,4,0
43,Quality Check,4,0
43,Label Package,9,0
43,Commit Session,435,1662
43,Complete Workflow,959,0
44,Start Session,4,0
44,Scan Package,5,0
44,Validate Package,3,0
44,Quality Check,3,0
44,Label Package,4,0
44,Commit Session,537,1666
44,Complete Workflow,1062,0
45,Start Session,6,0
45,Scan Package,4,0
45,Validate Package,5,0
45,Quality Check,4,0
45,Label Package,4,0
45,Commit Session,546,1670
45,Complete Workflow,1071,0
46,Start Session,3,0
46,Scan Package,5,0
46,Validate Package,5,0
46,Quality Check,4,0
46,Label Package,2,0
46,Commit Session,519,1674
46,Complete Workflow,1043,0
47,Start Session,3,0
47,Scan Package,3,0
47,Validate Package,5,0
47,Quality Check,3,0
47,Label Package,5,0
47,Commit Session,419,1678
47,Complete Workflow,942,0
48,Start Session,2,0
48,Scan Package,10,0
48,Validate Package,3,0
48,Quality Check,4,0
48,Label Package,5,0
48,Commit Session,525,1682
48,Complete Workflow,1054,0
49,Start Session,2,0
49,Scan Package,3,0
49,Validate Package,3,0
49,Quality Check,4,0
49,Label Package,2,0
49,Commit Session,436,1686
49,Complete Workflow,955,0
50,Start Session,4,0
50,Scan Package,2,0
50,Validate Package,4,0
50,Quality Check,3,0
50,Label Package,6,0
50,Commit Session,536,1690
50,Complete Workflow,1058,0
51,Start Session,3,0
51,Scan Package,3,0
51,Validate Package,6,0
51,Quality Check,4,0
51,Label Package,4,0
51,Commit Session,241,1693
51,Complete Workflow,765,0
52,Start Session,4,0
52,Scan Package,4,0
52,Validate Package,4,0
52,Quality Check,4,0
52,Label Package,8,0
52,Commit Session,552,1697
52,Complete Workflow,1079,0
53,Start Session,3,0
53,Scan Package,4,0
53,Validate Package,3,0
53,Quality Check,3,0
53,Label Package,4,0
53,Commit Session,602,1701
53,Complete Workflow,1124,0
54,Start Session,2,0
54,Scan Package,4,0
54,Validate Package,5,0
54,Quality Check,4,0
54,Label Package,4,0
54,Commit Session,327,1704
54,Complete Workflow,851,0
55,Start Session,3,0
55,Scan Package,4,0
55,Validate Package,6,0
55,Quality Check,5,0
55,Label Package,6,0
55,Commit Session,518,1708
55,Complete Workflow,1045,0
56,Start Session,1,0
56,Scan Package,4,0
56,Validate Package,4,0
56,Quality Check,6,0
56,Label Package,4,0
56,Commit Session,443,1712
56,Complete Workflow,966,0
57,Start Session,2,0
57,Scan Package,4,0
57,Validate Package,4,0
57,Quality Check,4,0
57,Label Package,5,0
57,Commit Session,628,1716
57,Complete Workflow,1151,0
58,Start Session,4,0
58,Scan Package,4,0
58,Validate Package,4,0
58,Quality Check,4,0
58,Label Package,3,0
58,Commit Session,576,1720
58,Complete Workflow,1100,0
59,Start Session,3,0
59,Scan Package,4,0
59,Validate Package,3,0
59,Quality Check,3,0
59,Label Package,7,0
59,Commit Session,596,1724
59,Complete Workflow,1119,0
60,Start Session,3,0
60,Scan Package,5,0
60,Validate Package,2,0
60,Quality Check,4,0
60,Label Package,3,0
60,Commit Session,636,1728
60,Complete Workflow,1157,0
61,Start Session,2,0
61,Scan Package,5,0
61,Validate Package,6,0
61,Quality Check,4,0
61,Label Package,5,0
61,Commit Session,525,1732
61,Complete Workflow,1050,0
62,Start Session,4,0
62,Scan Package,3,0
62,Validate Package,7,0
62,Quality Check,4,0
62,Label Package,4,0
62,Commit Session,2059,1736
62,Complete Workflow,2586,0
63,Start Session,251,0
63,Scan Package,5,0
63,Validate Package,239,0
63,Quality Check,3,0
63,Label Package,257,0
63,Commit Session,1096,1739
63,Complete Workflow,2354,0
64,Start Session,2,0
64,Scan Package,262,0
64,Validate Package,6,0
64,Quality Check,254,0
64,Label Package,3,0
64,Commit Session,1153,1742
64,Complete Workflow,2182,0
65,Start Session,4,0
65,Scan Package,249,0
65,Validate Package,4,0
65,Quality Check,258,0
65,Label Package,3,0
65,Commit Session,918,1745
65,Complete Workflow,1939,0
66,Start Session,1,0
66,Scan Package,3,0
66,Validate Package,4,0
66,Quality Check,4,0
66,Label Package,6,0
66,Commit Session,537,1749
66,Complete Workflow,1059,0
67,Start Session,4,0
67,Scan Package,6,0
67,Validate Package,6,0
67,Quality Check,3,0
67,Label Package,6,0
67,Commit Session,408,1753
67,Complete Workflow,937,0
68,Start Session,2,0
68,Scan Package,3,0
68,Validate Package,3,0
68,Quality Check,4,0
68,Label Package,3,0
68,Commit Session,355,1756
68,Complete Workflow,876,0
69,Start Session,4,0
69,Scan Package,5,0
69,Validate Package,4,0
69,Quality Check,5,0
69,Label Package,4,0
69,Commit Session,525,1760
69,Complete Workflow,1050,0
70,Start Session,3,0
70,Scan Package,4,0
70,Validate Package,9,0
70,Quality Check,4,0
70,Label Package,5,0
70,Commit Session,636,1764
70,Complete Workflow,1165,0
71,Start Session,4,0
71,Scan Package,3,0
71,Validate Package,9,0
71,Quality Check,3,0
71,Label Package,10,0
71,Commit Session,615,1768
71,Complete Workflow,1148,0
72,Start Session,2,0
72,Scan Package,6,0
72,Validate Package,4,0
72,Quality Check,4,0
72,Label Package,5,0
72,Commit Session,630,1772
72,Complete Workflow,1156,0
73,Start Session,3,0
73,Scan Package,4,0
73,Validate Package,5,0
73,Quality Check,4,0
73,Label Package,8,0
73,Commit Session,518,1776
73,Complete Workflow,1047,0
74,Start Session,1,0
74,Scan Package,7,0
74,Validate Package,2,0
74,Quality Check,7,0
74,Label Package,3,0
74,Commit Session,541,1780
74,Complete Workflow,1065,0
75,Start Session,3,0
75,Scan Package,5,0
75,Validate Package,5,0
75,Quality Check,6,0
75,Label Package,6,0
75,Commit Session,618,1784
75,Complete Workflow,1148,0
76,Start Session,3,0
76,Scan Package,4,0
76,Validate Package,2,0
76,Quality Check,4,0
76,Label Package,5,0
76,Commit Session,537,1788
76,Complete Workflow,1058,0
77,Start Session,3,0
77,Scan Package,4,0
77,Validate Package,4,0
77,Quality Check,4,0
77,Label Package,4,0
77,Commit Session,442,1792
77,Complete Workflow,966,0
78,Start Session,3,0
78,Scan Package,3,0
78,Validate Package,5,0
78,Quality Check,4,0
78,Label Package,5,0
78,Commit Session,628,1796
78,Complete Workflow,1151,0
79,Start Session,42,0
79,Scan Package,3,0
79,Validate Package,2,0
79,Quality Check,4,0
79,Label Package,6,0
79,Commit Session,599,1800
79,Complete Workflow,1160,0
80,Start Session,4,0
80,Scan Package,3,0
80,Validate Package,3,0
80,Quality Check,6,0
80,Label Package,4,0
80,Commit Session,623,1804
80,Complete Workflow,1147,0
81,Start Session,3,0
81,Scan Package,2,0
81,Validate Package,4,0
81,Quality Check,4,0
81,Label Package,3,0
81,Commit Session,556,1808
81,Complete Workflow,1076,0
82,Start Session,4,0
82,Scan Package,5,0
82,Validate Package,10,0
82,Quality Check,6,0
82,Label Package,5,0
82,Commit Session,609,1812
82,Complete Workflow,1143,0
83,Start Session,3,0
83,Scan Package,2,0
83,Validate Package,4,0
83,Quality Check,7,0
83,Label Package,10,0
83,Commit Session,432,1816
83,Complete Workflow,963,0
84,Start Session,4,0
84,Scan Package,3,0
84,Validate Package,5,0
84,Quality Check,7,0
84,Label Package,6,0
84,Commit Session,411,1820
84,Complete Workflow,940,0
85,Start Session,3,0
85,Scan Package,8,0
85,Validate Package,5,0
85,Quality Check,5,0
85,Label Package,3,0
85,Commit Session,640,1824
85,Complete Workflow,1166,0
86,Start Session,4,0
86,Scan Package,3,0
86,Validate Package,7,0
86,Quality Check,4,0
86,Label Package,12,0
86,Commit Session,450,1828
86,Complete Workflow,983,0
87,Start Session,8,0
87,Scan Package,5,0
87,Validate Package,4,0
87,Quality Check,3,0
87,Label Package,6,0
87,Commit Session,388,1831
87,Complete Workflow,918,0
88,Start Session,3,0
88,Scan Package,3,0
88,Validate Package,3,0
88,Quality Check,4,0
88,Label Package,5,0
88,Commit Session,545,1835
88,Complete Workflow,1067,0
89,Start Session,3,0
89,Scan Package,5,0
89,Validate Package,4,0
89,Quality Check,2,0
89,Label Package,4,0
89,Commit Session,346,1838
89,Complete Workflow,869,0
90,Start Session,3,0
90,Scan Package,4,0
90,Validate Package,5,0
90,Quality Check,4,0
90,Label Package,3,0
90,Commit Session,623,1842
90,Complete Workflow,1146,0
91,Start Session,4,0
91,Scan Package,4,0
91,Validate Package,4,0
91,Quality Check,5,0
91,Label Package,4,0
91,Commit Session,564,1846
91,Complete Workflow,1087,0
92,Start Session,2,0
92,Scan Package,5,0
92,Validate Package,5,0
92,Quality Check,3,0
92,Label Package,4,0
92,Commit Session,409,1849
92,Complete Workflow,931,0
93,Start Session,3,0
93,Scan Package,8,0
93,Validate Package,4,0
93,Quality Check,5,0
93,Label Package,4,0
93,Commit Session,625,1853
93,Complete Workflow,1153,0
94,Start Session,4,0
94,Scan Package,6,0
94,Validate Package,3,0
94,Quality Check,3,0
94,Label Package,4,0
94,Commit Session,411,1857
94,Complete Workflow,934,0
95,Start Session,2,0
95,Scan Package,4,0
95,Validate Package,4,0
95,Quality Check,4,0
95,Label Package,3,0
95,Commit Session,338,1860
95,Complete Workflow,859,0
96,Start Session,2,0
96,Scan Package,4,0
96,Validate Package,3,0
96,Quality Check,3,0
96,Label Package,8,0
96,Commit Session,355,1864
96,Complete Workflow,878,0
97,Start Session,3,0
97,Scan Package,4,0
97,Validate Package,2,0
97,Quality Check,5,0
97,Label Package,5,0
97,Commit Session,630,1868
97,Complete Workflow,1153,0
98,Start Session,2,0
98,Scan Package,5,0
98,Validate Package,4,0
98,Quality Check,3,0
98,Label Package,5,0
98,Commit Session,516,1872
98,Complete Workflow,1040,0
99,Start Session,4,0
99,Scan Package,5,0
99,Validate Package,4,0
99,Quality Check,3,0
99,Label Package,6,0
99,Commit Session,320,1875
99,Complete Workflow,847,0
100,Start Session,2,0
100,Scan Package,3,0
100,Validate Package,3,0
100,Quality Check,6,0
100,Label Package,3,0
100,Commit Session,356,1878
100,Complete Workflow,878,0
